小出 洋,日本原子力研究所,1997-09-03
楯岡 孝道,電気通信大学,1997-09-03
中村 嘉志,電気通信大学,1997-09-03
筧 一彦,早稲田大学,1997-09-03
川本 史生,早稲田大学,1997-09-03
吉池 久夫,慶應義塾大学,1997-09-03
山口 文彦,慶應義塾大学,1997-09-03
田中 詠子,慶應義塾大学,1997-09-03
筧 一彦,早稲田大学,1999-08-28
楯岡 孝道,電気通信大学,1999-08-28
中村 嘉志,電気通信大学,1999-08-28
山口 文彦,慶應義塾大学,1999-08-28
山本 真也,慶應義塾大学,1999-08-28
伊藤 一成,慶應義塾大学,2000-09-10
筧 一彦,早稲田大学,2000-09-10
小熊 寿,電気通信大学,2000-09-10
中村 嘉志,電気通信大学,2000-09-10
山口 文彦,慶應義塾大学,2000-09-10
渡邉 敬之,早稲田大学,2000-09-10
蟻川 浩,奈良先端科学技術大学院大学,2001-09-13
伊藤 一成,慶應義塾大学,2001-09-13
筧 一彦,早稲田大学,2001-09-13
山口 文彦,東京理科大学,2001-09-13
蟻川 浩,奈良先端科学技術大学院大学,2002-08-31
市川 祐輔,早稲田大学大学院理工学研究科,2002-08-31
伊藤 一成,慶応義塾大学大学院理工学研究科,2002-08-31
筧 一彦,東京大学大学院情報理工学系研究科,2002-08-31
渡部 岳郎,新潟大学大学院自然科学研究科,2002-08-31
大日向 大地,電気通信大学大学院情報システム学研究科,2005-09-10
笹田 耕一,東京農工大学大学院工学教育部,2005-09-10
繁富 利恵,東京大学情報理工学系研究科電子情報学専攻,2005-09-10
鈴木 宏哉,慶應義塾大学大学院理工学研究科,2005-09-10
副田 俊介,東京大学大学院総合文化研究科,2005-09-10
松浦 知史,奈良先端科学技術大学院大学情報科学研究科,2005-09-10
笹田 耕一,東京大学大学院 情報理工学系研究科,2006-09-16
三輪 誠,東京大学大学院 新領域創成科学研究科,2006-09-16
松浦 知史,奈良先端科学技術大学院大学,2006-09-16
松田 耕史,東京工業大学大学院 総合理工学研究科,2006-09-16
上坂 明未,フェリス女学院大学情報センター,2006-09-16
鈴木 宏哉,慶應義塾大学大学院 理工学研究科,2006-09-16
満永 拓邦,京都大学 / JPCERT/CC,2012-09-15
浅野 智之,東京大学,2012-09-15
曾川 景介,Fluxflex,2012-09-15
則 のぞみ,Carnegie Mellon University,2012-09-15
橋本 竜也,大阪大学,2012-09-15
山下 美穂,明治大学,2012-09-15
浅野 智之,ユーシーテクノロジ株式会社,2013-09-14
曾川 景介,WebPay株式会社,2013-09-14
橋本 竜也,大阪大学,2013-09-14
山下 美穂,チームラボ株式会社,2013-09-14
小谷 大祐,京都大学,2013-09-14
大島 孝子,株式会社サイバーエージェント,2013-09-14
岩成 達哉,東京大学,2013-09-14
浅野 智之,ユーシーテクノロジ株式会社,2014-09-13
曾川 景介,WebPay 株式会社,2014-09-13
橋本 竜也,大阪大学,2014-09-13
山下 美穂,チームラボ株式会社,2014-09-13
小谷 大祐,京都大学,2014-09-13
大島 孝子,株式会社サイバーエージェント,2014-09-13
岩成 達哉,東京大学,2014-09-13
辻 順平,独立行政法人産業技術総合研究所,2014-09-13
